{
	"attributes": {},
	"designState": {
		"calculationParameters": {
			"LWL_design": 34.9,
			"LOA_design": 36.25,
			"Draft_design": 2.787,
			"Cb_design": 0.626,
			"Depth_1_Deck": 4.287,
			"Breadth_Moulded":9.6,
			"speed": "",
			"crew": "",
			"K": "",
			"Co": "",
			"tripDuration": ""
		},
		"objectOverrides": {
			"common": {
				"fullness": ""
			}
		}
	},
	"data": {},
	"structure": {
		"hull": {
			"attributes": {
				"LOA": 36.25,
				"BOA": 9.6,
				"Depth": 6.6,
				"APP": 2,
				"bulb": true,
				"transom": true,
				"cstern": 0,
				"prismaticLengthRatio": 0.6,
				"appendices": {}
			},
			"halfBreadths": {
				"waterlines": [0, 0.075757576, 0.151515152, 0.227272727, 0.303030303, 0.378787879, 0.454545455, 0.53030303, 0.606060606, 0.681818182, 0.757575758, 0.833333333, 0.909090909, 0.984848485, 1.060606061, 1.136363636],
				"stations": [0, 0.016, 0.032, 0.048, 0.064, 0.08, 0.096, 0.112, 0.128, 0.144, 0.16, 0.176, 0.192, 0.208, 0.224, 0.24, 0.256, 0.272, 0.288, 0.304, 0.32, 0.336, 0.352, 0.368, 0.384, 0.4, 0.416, 0.432, 0.448, 0.464, 0.48, 0.496, 0.512, 0.528, 0.544, 0.56, 0.576, 0.592, 0.608, 0.624, 0.64, 0.656, 0.672, 0.688, 0.704, 0.72, 0.736, 0.752, 0.768, 0.784, 0.8, 0.816, 0.832, 0.848, 0.864, 0.88, 0.896, 0.912, 0.928, 0.944, 0.96, 0.976, 0.992, 1],
				"table": [
					[null, null, null, null, null, null, null, null, null, null, null, null, null, null, null, null, null, null, null, null, 0, 0, 0, 0, 0, 0, 0, 0, 0.023706, 0.04164, 0.03956054, 0, 0, 0, 0, 0, 0, 0, 0, 0, 0, 0, 0, 0, 0, 0, 0, 0, 0, 0, 0, 0, 0, 0, 0, 0, 0, null, null, null, null, null, null, null],
					[0, 0, 0, 0, 0, 0, 0, 0, 0, 0, 0, 0, 0, 0, 0, 0, 0, 0, 0, 0, 0.071654682, 0.218163956, 0.347109355, 0.707410528, 0.7101572, 0.714521886, 0.724138946, 0.749662831, 0.771743418, 0.78068812, 0.777351611, 0.760040588, 0.734964599, 0.707735189, 0.67881251, 0.649277089, 0.619130809, 0.588445384, 0.557293752, 0.525670827, 0.493631236, 0.461239013, 0.428710429, 0.396118672, 0.36353124, 0.331272913, 0.29936175, 0.267774887, 0.236499989, 0.205527382, 0.174631462, 0.143735542, 0.112839584, 0.082193712, 0.05487704, 0.035077082, 0.017589529, 0, 0, 0, null, null, null, null],
					[0, 0, 0, 0, 0, 0, 0, 0, 0, 0, 0, 0, 0, 0, 0, 0.11384365, 0.28021182, 0.731167857, 0.731746877, 0.733344981, 0.761914571, 0.813147939, 0.852579142, 0.879895833, 0.900087484, 0.914681498, 0.92643748, 0.932025146, 0.935672912, 0.936216634, 0.933764547, 0.928441671, 0.920420837, 0.909739482, 0.894997965, 0.876045837, 0.853289591, 0.827195791, 0.798289439, 0.767083232, 0.733856099, 0.698899943, 0.66232254, 0.6244297, 0.585758311, 0.546243642, 0.506078186, 0.46566391, 0.425637487, 0.386155955, 0.347200012, 0.308764165, 0.270830841, 0.233397929, 0.196477089, 0.160454165, 0.126395671, 0.095160357, 0.062479974, 0.026483334, 0, null, null, null],
					[0, 0, 0, 0, 0, 0, 0, 0, 0, 0.11327781, 0.229017497, 0.352529385, 0.726907379, 0.733153683, 0.734473511, 0.777951228, 0.839199655, 0.886066097, 0.918911876, 0.94205339, 0.958529154, 0.970252075, 0.97813029, 0.98480835, 0.986720886, 0.988820801, 0.990237529, 0.987881165, 0.985799968, 0.982785339, 0.978744609, 0.974802669, 0.967961121, 0.957981974, 0.945835368, 0.932018738, 0.914989624, 0.894104207, 0.870773824, 0.844629517, 0.81436259, 0.780335897, 0.743943736, 0.706508331, 0.668210297, 0.627605692, 0.586681264, 0.545253652, 0.503595835, 0.461675008, 0.419545822, 0.380137227, 0.340914586, 0.301902084, 0.26320811, 0.227077077, 0.196202088, 0.165685272, 0.135260417, 0.099252084, 0.034576791, 0, null, null],
					[0.14752927, 0.195454496, 0.252279943, 0.315177918, 0.380875676, 0.453470815, 0.617983921, 0.652319055, 0.685022602, 0.755220845, 0.814679074, 0.864853715, 0.904683419, 0.933976734, 0.955608678, 0.971806987, 0.983565004, 0.991776358, 0.996810839, 0.999454025, 1, 1, 1, 1, 1, 1, 1, 1, 1, 0.999147848, 0.996595208, 0.994104207, 0.987329, 0.979657491, 0.97008667, 0.958017375, 0.943480021, 0.9264328, 0.9066745, 0.883690491, 0.857092692, 0.82629715, 0.791246643, 0.752603963, 0.711764526, 0.669355469, 0.626193848, 0.582815806, 0.53950826, 0.496612142, 0.454332225, 0.412979101, 0.372598241, 0.332724024, 0.293440323, 0.256938756, 0.22273585, 0.192366084, 0.163749835, 0.131338641, 0.075224109, 0, null, null],
					[0.71273652, 0.750030161, 0.785739492, 0.820259247, 0.853601583, 0.884948356, 0.911901164, 0.934555335, 0.953122646, 0.968269338, 0.980177623, 0.989221129, 0.995597117, 0.999145458, 1, 1, 1, 1, 1, 1, 1, 1, 1, 1, 1, 1, 1, 1, 1, 1, 1.000228327, 0.999831136, 0.996996663, 0.991083171, 0.983481242, 0.974163818, 0.962508952, 0.948075765, 0.93017568, 0.908572693, 0.88319224, 0.854268494, 0.821813507, 0.785829519, 0.74630839, 0.70333669, 0.657443237, 0.610306346, 0.562759501, 0.51533193, 0.468369497, 0.422251841, 0.377271449, 0.333293279, 0.290521571, 0.25025678, 0.212261035, 0.176019681, 0.143433533, 0.111947466, 0.036266209, 0, null, null],
					[0.952335345, 0.962861851, 0.972258259, 0.98050379, 0.987472892, 0.992967483, 0.996992105, 0.999437767, 1, 1, 1, 1, 1, 1, 1, 1, 1, 1, 1, 1, 1, 1, 1, 1, 1, 1, 1, 1, 1, 1, 1.000711812, 1.000223814, 1.00008331, 0.998717143, 0.994425964, 0.987480367, 0.977858785, 0.965194397, 0.949268189, 0.930027669, 0.907345683, 0.881151021, 0.851564891, 0.818550568, 0.782004293, 0.74175115, 0.697687225, 0.650243429, 0.60079071, 0.549806112, 0.497353109, 0.443579, 0.388505936, 0.332285614, 0.275121256, 0.217052256, 0.158101082, 0.098297354, 0.03763231, 0, 0, 0, null, null],
					[1, 1, 1, 1, 1, 1, 1, 1, 1, 1, 1, 1, 1, 1, 1, 1, 1, 1, 1, 1, 1, 1, 1, 1, 1, 1, 1, 1, 1, 1, 1.000978704, 1.000123929, 1.000433223, 1.000155476, 0.999416911, 0.995501404, 0.988170878, 0.977699076, 0.964266358, 0.948126119, 0.929550883, 0.908355306, 0.883601888, 0.854754435, 0.822345988, 0.78675532, 0.747661845, 0.704622091, 0.657655182, 0.607425537, 0.553840688, 0.494980367, 0.430992991, 0.362582372, 0.286795248, 0.1978427, 0.094251874, 0, 0, 0, 0, 0, null, null],
					[1, 1, 1, 1, 1, 1, 1, 1, 1, 1, 1, 1, 1, 1, 1, 1, 1, 1, 1, 1, 1, 1, 1, 1, 1, 1, 1, 1, 1, 1, 1.001068035, 1, 1.000566031, 1.00039981, 1.000281179, 0.99947703, 0.995137939, 0.987093404, 0.976328634, 0.963292135, 0.948348999, 0.931424764, 0.911436564, 0.887533163, 0.860225016, 0.830331319, 0.797312826, 0.759774933, 0.717407786, 0.670107066, 0.618719839, 0.563078613, 0.499293365, 0.426550725, 0.345286535, 0.254695028, 0.152289454, 0.017480884, 0, 0, 0, 0, null, null],
					[null, null, null, null, null, null, null, null, null, null, null, null, null, null, null, null, null, null, null, null, null, null, null, null, null, null, null, null, null, 1, 1.001018836, 1, 1.000539714, 1.000450297, 1.000554231, 1.000295271, 0.999729513, 0.996414083, 0.989560649, 0.97963918, 0.966896769, 0.951602071, 0.934263814, 0.91490153, 0.893087565, 0.868295797, 0.839980214, 0.807522888, 0.770669708, 0.729325714, 0.683190002, 0.631342366, 0.572309723, 0.503807678, 0.424613749, 0.34130806, 0.251240946, 0.145490374, 0, 0, 0, 0, null, null],
					[null, null, null, null, null, null, null, null, null, null, null, null, null, null, null, null, null, null, null, null, null, null, null, null, null, null, null, null, null, 1, 1.000870134, 1, 1.000412251, 1.000371386, 1.000536977, 1.000474123, 1.000149609, 0.999925334, 0.997950745, 0.992567851, 0.983164063, 0.969894918, 0.955087891, 0.938956604, 0.92146698, 0.900858866, 0.876678263, 0.849934998, 0.818909353, 0.78348053, 0.742989451, 0.696685028, 0.64331131, 0.580691935, 0.509305827, 0.431949565, 0.348958842, 0.256609065, 0.147383639, 0, 0, 0, null, null],
