{
	"attributes": {},
	"data": {},
	"structure": {
		"hull": {
			"halfBreadths": {
				"waterlines": [0, 1, 2, 3, 4, 5, 6, 7, 7.65, 10, 12, 14, 16],
				"stations": [-0.59, -0.26, 0, 0.24, 0.52, 0.76, 1, 1.26, 1.52, 1.77, 2.02, 2.28, 2.53, 2.78, 3.04, 3.29, 3.54, 3.8, 4.04, 4.31, 4.55, 4.82, 5.04, 5.32, 5.56, 5.83, 6.06, 6.34, 6.6, 6.84, 7.07, 7.36, 7.58, 7.86, 8.09, 8.38, 8.59, 8.88, 9.1, 9.38, 9.61, 9.9, 10.15, 10.41],
				"table": [
                    [11, 11, 11, 11, 11, 11, 11, 11, 11, 11, 11, 11, 11, 11, 11, 11, 11, 11, 11, 11, 11, 11, 11, 11, 11, 11, 11, 11, 11, 11, 11, 11, 11, 11, 11, 11, 10.92414, 10.54483, 10.21609, 9.50805, 8.77471, 7.51035, 6.22069, 4.07126],
                    [11, 11, 11, 11, 11, 11, 11, 11, 11, 11, 11, 11, 11, 11, 11, 11, 11, 11, 11, 11, 11, 11, 11, 11, 11, 11, 11, 11, 11, 11, 11, 11, 11, 11, 11, 10.97471, 10.89885, 10.5954, 10.1908, 9.38161, 8.49655, 7.2069, 5.71494, 3.41379],
                    [11, 11, 11, 11, 11, 11, 11, 11, 11, 11, 11, 11, 11, 11, 11, 11, 11, 11, 11, 11, 11, 11, 11, 11, 11, 11, 11, 11, 11, 11, 11, 11, 11, 11, 11, 11.02529, 10.7977, 10.29195, 9.65977, 8.54713, 7.4092, 5.7908, 4.07126, 1.11264],
                    [10.31724, 10.62069, 10.7977, 11, 11, 11, 11, 11, 11, 11, 11, 11, 11, 11, 11, 11, 11, 11, 11, 11, 11, 11, 11, 11, 11, 11, 11, 11, 11, 11, 11, 11, 11, 11, 11, 10.84828, 10.51954, 9.73563, 8.82529, 7.38391, 6.1954, 4.34943, 2.6046, 0],
                    [0, 2.8, 7, 8.57241, 9.68506, 10.24138, 10.5954, 10.82299, 11.02529, 11, 11, 11, 11, 11, 11, 11, 11, 11, 11, 11, 11, 11, 11, 11, 11, 11, 11, 11, 11, 11, 11, 11, 11, 10.87356, 10.64598, 10.08966, 9.4069, 8.11724, 7.10575, 5.48736, 4.29885, 2.27586, 0, 0],
                    [0, 0, 0.12644, 5.33563, 8.44598, 9.53333, 10.1908, 10.54483, 10.82299, 11, 11, 11, 11, 11, 11, 11, 11, 11, 11, 11, 11, 11, 11, 11, 11, 11, 11, 11, 11, 11, 11, 11, 11, 10.72184, 10.24138, 9.50805, 8.62299, 7.23218, 6.1954, 4.57701, 3.31264, 1.08736, 0, 0],
                    [0, 0, 0, 0, 3.23678, 7.0046, 9.0023, 9.78621, 10.31724, 10.67126, 10.87356, 10.97471, 11, 11, 11, 11, 11, 11, 11, 11, 11, 11, 11, 11, 11, 11, 11, 11, 11, 11, 11, 10.87356, 10.62069, 10.08966, 9.38161, 8.24368, 7.30805, 5.74023, 4.62759, 3.03448, 1.66897, 0, 0, 0],
                    [0, 0, 0, 0, 0, 1.54253, 5.7908, 8.14253, 9.35632, 10.03908, 10.49425, 10.7977, 10.97471, 11, 11, 11, 11, 11, 11, 11, 11, 11, 11, 11, 11, 11, 11, 11, 11, 11, 10.82299, 10.44368, 9.91264, 9.02759, 8.11724, 6.85287, 5.76552, 4.22299, 3.13563, 1.44138, 0, 0, 0, 0],
                    [0, 0, 0, 0, 0, 0, 0, 4.14713, 7.28276, 8.8, 9.71035, 10.26667, 10.67126, 10.87356, 11, 11, 11, 11, 11, 11, 11, 11, 11, 11, 11, 11, 11, 11, 10.87356, 10.64598, 10.29195, 9.63448, 8.90115, 7.76322, 6.62529, 5.28506, 4.07126, 2.70575, 1.84598, 0, 0, 0, 0, 0],
                    [0, 0, 0, 0, 0, 0, 0, 0, 3.0092, 5.96782, 8.09195, 9.28046, 10.01379, 10.46897, 10.77241, 11, 11, 11, 11, 11, 11, 11, 11, 11, 11, 11, 11, 10.72184, 10.3931, 9.96322, 9.35632, 8.47126, 7.56092, 6.06897, 4.98161, 3.56552, 2.65517, 1.87126, 1.23908, 0, 0, 0, 0, 0],
                    [0, 0, 0, 0, 0, 0, 0, 0, 0, 0.70805, 3.81839, 6.8023, 8.3954, 9.4069, 10.06437, 10.54483, 10.7977, 10.94943, 11, 11, 11, 11, 11, 10.97471, 10.92414, 10.7977, 10.49425, 10.08966, 9.45747, 8.72414, 7.96552, 6.75172, 5.63908, 4.29885, 3.36322, 2.4023, 1.87126, 1.54253, 0.98621, 0, 0, 0, 0, 0],
                    [0, 0, 0, 0, 0, 0, 0, 0, 0, 0, 0, 0.68276, 3.74253, 6.34713, 8.09195, 9.28046, 10.01379, 10.46897, 10.67126, 10.82299, 10.82299, 10.82299, 10.77241, 10.57011, 10.34253, 9.91264, 9.33103, 8.54713, 7.68736, 6.62529, 5.71494, 4.47586, 3.61609, 2.65517, 2.09885, 1.74483, 1.56782, 1.3908, 0.78391, 0, 0, 0, 0, 0],
                    [0, 0, 0, 0, 0, 0, 0, 0, 0, 0, 0, 0, 0, 0, 0, 0, 2.2, 5.66437, 7.96552, 9.12874, 9.25517, 9.25517, 8.97701, 8.26897, 7.45977, 6.34713, 5.2092, 4.04598, 2.98391, 2.09885, 1.51724, 1.01149, 0.78391, 0.65747, 0.68276, 0.68276, 0.35402, 0, 0, 0, 0, 0, 0, 0]
                ]
			},
			"style": {
				"upperColor": "green",
				"lowerColor": "pink",
				"opacity": 0.6
			},
			"buttockHeights": {
				"waterlines": [0, 1, 2, 3, 4, 5, 6, 7, 7.65, 10, 12, 14, 16],
				"stations": [-9,-4.34,-0.88,2.85,7.65,10.71,15.1,18.7,22.3,25.62,30.29,33.48,37.88,41.34,45.47,48.4,53.06,56.25,60.52,64.11,68.24,71.84,75.7,79.96,83.55,87.02,90.88,94.61,98.47,102.6,106.33,109.66,113.65,117.65,121.11,125.5,128.97,132.56,136.29,140.42,144.55,148.14,151.61,156],
				"table": [
					[11.6224,11.2128,10.9056,10.5984,10.0864,9.6512,9.088,8.576,8.0128,7.5008,6.7584,6.2208,5.4784,4.8384,4.1472,3.6352,2.8928,2.4576,1.9456,1.7664,1.7152,1.7408,1.8688,2.1504,2.4832,2.8416,3.4304,4.0448,4.736,5.504,6.2208,6.9888,7.9616,9.1648,11.4688,14.4128,null,null,null,null,null,null,null,null],
				  	[8.96,8.6272,8.2688,7.8848,7.1936,6.6816,5.9648,5.4016,4.7872,4.1984,3.4304,2.9184,2.2784,1.792,1.3568,0.9728,0.5632,0.2816,0.0768,0,0,0,0,0.128,0.2816,0.512,0.8448,1.2032,1.6384,2.1504,2.688,3.3024,4.0704,4.8384,5.6832,6.5792,7.3216,8.3456,10.2912,12.8256,14.4128,null,null,null],
				  	[8.3456,8.064,7.7312,7.3216,6.6048,6.0416,5.2736,4.608,3.968,3.3792,2.6368,2.1504,1.5872,1.2032,0.7936,0.512,0.2048,0.0512,0,0,0,0,0,0,0,0.0256,0.1792,0.4352,0.7424,1.1264,1.5616,2.048,2.6624,3.4048,4.2496,5.12,5.9136,6.656,7.552,9.088,11.3408,13.568,14.4128,null],
				  	[8.1408,7.808,7.4496,7.0656,6.2464,5.7088,4.8128,4.1728,3.5072,2.944,2.2272,1.7408,1.2032,0.8192,0.4864,0.3072,0.0512,0,0,0,0,0,0,0,0,0,0,0.0256,0.1792,0.4352,0.768,1.1776,1.7152,2.304,3.0976,3.8656,4.5824,5.3504,6.1952,7.168,8.6528,10.8288,12.7232,14.4128],
				  	[8.1408,7.808,7.3496,6.9656,6.1464,5.6088,4.7128,4.0728,3.4072,2.844,2.1272,1.6408,1.1032,0.7192,0.3864,0.2072,0.0512,0,0,0,0,0,0,0,0,0,0,0,0,0.0512,0.1792,0.384,0.7424,1.1776,1.792,2.6112,3.328,4.1216,4.8896,5.8624,6.9632,8.0896,10.1888,14.4128],
				 	[8.0128,7.6032,7.3728,6.784,5.9136,5.3504,4.4544,3.8144,3.1488,2.5856,1.8688,1.3824,0.896,0.6144,0.2816,0.1536,0,0,0,0,0,0,0,0,0,0,0,0,0,0,0,0.128,0.3072,0.512,0.9984,1.536,2.2272,3.1488,4.1472,5.2736,6.1952,7.3984,8.7296,14.4128],
				 	[7.9872,7.68,7.3472,6.8096,5.9136,5.3504,4.4288,3.7888,3.1488,2.5856,1.8944,1.408,0.9216,0.6144,0.3072,0.128,0.0256,0,0,0,0,0,0,0,0,0,0,0,0,0,0,0,0,0.0256,0.0768,0.1024,0.1536,0.1536,1.9968,4.6336,5.8112,6.8864,7.9872,14.4128],
				  	[7.9872,7.68,7.3472,6.8096,5.9136,5.3504,4.4288,3.7888,3.1488,2.5856,1.8944,1.408,0.9216,0.6144,0.3072,0.128,0.0256,0,0,0,0,0,0,0,0,0,0,0,0,0,0,0,0,0,0,0,0,0,0.0256,4.2496,5.376,6.6304,7.68,11.2896],
				  	[7.9872,7.6032,7.0144,5.3248,0.0256,0.4864,0.6144,0.6144,0.6144,0.6144,0.6144,0.64,0.6144,0.6144,null,null,null,null,null,null,null,null,null,null,null,null,null,null,null,null,null,null,null,null,null,null,null,null,null,null,null,null,null,null],
				  	[7.9872,7.6032,7.0144,6.4768,4.352,1.2288,0.128,0.1024,0.128,0.128,0.1024,0.1024,0,0,0,0,0,0,null,null,null,null,null,null,null,null,null,null,null,null,null,null,null,null,null,null,null,null,null,null,null,null,null,null]
				]
		
			  }
		}
	}
}